variable,n,mean,sd,min,max
lmonthly_wage,3755,7.6208653,.68748415,2.8134108,10.785876
monthly_labor_income,3755,2666.7295,2908.0557,16.666666,48333.332
height_cm,3755,165.01103,8.1519833,134.89999,193.60001
parent_height_avg,882,159.76447,6.474226,132.5,180.60001
age,3755,41.583755,10.483419,18,65
educ_level,3755,3.1081226,1.5082884,0,6
male,3755,.57709718,.49408606,0,1
urban,3755,1.510253,.49996144,1,2
weight_kg,3753,65.319344,13.451741,35.099998,171.39999
hours_week,0,,,,
